name,type,power,pp,acc,priority,target,category,eff,effChance
pound,0,40,35,100,0,9,1,0,
karateChop,1,50,25,100,0,9,1,43,
doubleSlap,0,15,10,85,0,9,1,29,
cometPunch,0,18,15,85,0,9,1,29,
megaPunch,0,80,20,85,0,9,1,0,
payDay,0,40,20,100,0,9,1,34,
firePunch,9,75,15,100,0,9,1,4,10
icePunch,14,75,15,100,0,9,1,5,10
thunderPunch,12,75,15,100,0,9,1,6,10
scratch,0,40,35,100,0,9,1,0,
viceGrip,0,55,30,100,0,9,1,0,
guillotine,0,,5,30,0,9,1,38,
razorWind,0,80,10,100,0,10,2,39,
swordsDance,0,,20,,0,6,0,50,
cut,0,50,30,95,0,9,1,0,
gust,2,40,35,100,0,9,2,149,
wingAttack,2,60,35,100,0,9,1,0,
whirlwind,0,,20,,-6,9,0,28,
fly,2,90,15,95,0,9,1,155,
bind,0,15,20,85,0,9,1,42,100
slam,0,80,20,75,0,9,1,0,
vineWhip,11,45,25,100,0,9,1,0,
stomp,0,65,20,100,0,9,1,150,30
doubleKick,1,30,30,100,0,9,1,44,
megaKick,0,120,5,75,0,9,1,0,
jumpKick,1,100,10,95,0,9,1,45,
rollingKick,1,60,15,85,0,9,1,31,30
sandAttack,4,,15,100,0,9,0,23,
headbutt,0,70,15,100,0,9,1,31,30
hornAttack,0,65,25,100,0,9,1,0,
furyAttack,0,15,20,85,0,9,1,29,
hornDrill,0,,5,30,0,9,1,38,
tackle,0,40,35,100,0,9,1,0,
bodySlam,0,85,15,100,0,9,1,6,30
wrap,0,15,20,90,0,9,1,42,100
takeDown,0,90,20,85,0,9,1,48,
thrash,0,120,10,100,0,7,1,27,
doubleEdge,0,120,15,100,0,9,1,198,
tailWhip,0,,30,100,0,10,0,19,
poisonSting,3,15,35,100,0,9,1,2,30
twineedle,6,25,20,100,0,9,1,77,20
pinMissile,6,25,20,95,0,9,1,29,
leer,0,,30,100,0,10,0,19,100
bite,16,60,25,100,0,9,1,31,30
growl,0,,40,100,0,10,0,18,
roar,0,,20,,-6,9,0,28,
sing,0,,15,55,0,9,0,1,
supersonic,0,,20,55,0,9,0,49,
sonicBoom,0,,20,90,0,9,2,130,
disable,0,,20,100,0,9,0,86,
acid,3,40,30,100,0,10,2,72,10
ember,9,40,25,100,0,9,2,4,10
flamethrower,9,90,15,100,0,9,2,4,10
mist,14,,30,,0,3,0,46,
waterGun,10,40,25,100,0,9,2,0,
hydroPump,10,110,5,80,0,9,2,0,
surf,10,90,15,100,0,8,2,257,
iceBeam,14,90,10,100,0,9,2,5,10
blizzard,14,110,5,70,0,10,2,260,10
psybeam,13,65,20,100,0,9,2,76,10
bubbleBeam,10,65,20,100,0,9,2,70,10
auroraBeam,14,65,20,100,0,9,2,68,10
hyperBeam,0,150,5,90,0,9,2,80,
peck,2,35,35,100,0,9,1,0,
drillPeck,2,80,20,100,0,9,1,0,
submission,1,80,20,80,0,9,1,48,
lowKick,1,,20,100,0,9,1,196,
counter,1,,20,100,-5,0,1,89,
seismicToss,1,,20,100,0,9,1,87,
strength,0,80,15,100,0,9,1,0,
absorb,11,20,25,100,0,9,2,3,
megaDrain,11,40,15,100,0,9,2,3,
leechSeed,11,,10,90,0,9,0,84,
growth,0,,20,,0,6,0,316,
razorLeaf,11,55,25,95,0,10,1,43,
solarBeam,11,120,10,100,0,9,2,151,
poisonPowder,3,,35,75,0,9,0,66,
stunSpore,11,,30,75,0,9,0,67,
sleepPowder,11,,15,75,0,9,0,1,
petalDance,11,120,10,100,0,7,2,27,
stringShot,6,,40,95,0,10,0,60,
dragonRage,15,,10,100,0,9,2,41,
fireSpin,9,35,15,85,0,9,2,42,100
thunderShock,12,40,30,100,0,9,2,6,10
thunderbolt,12,90,15,100,0,9,2,6,10
thunderWave,12,,20,90,0,9,0,67,
thunder,12,110,10,70,0,9,2,152,30
rockThrow,5,50,15,90,0,9,1,0,
earthquake,4,100,10,100,0,8,1,147,
fissure,4,,5,30,0,9,1,38,
dig,4,80,10,100,0,9,1,256,
toxic,3,,10,90,0,9,0,33,
confusion,13,50,25,100,0,9,2,76,10
psychic,13,90,10,100,0,9,2,72,10
hypnosis,13,,20,60,0,9,0,1,
meditate,13,,40,,0,6,0,10,
agility,13,,30,,0,6,0,52,
quickAttack,0,40,30,100,1,9,1,103,
rage,0,20,20,100,0,9,1,81,
teleport,13,,20,,-6,6,0,153,
nightShade,7,,15,100,0,9,2,87,
mimic,0,,10,,0,9,0,82,
screech,0,,40,85,0,9,0,59,
doubleTeam,0,,15,,0,6,0,16,
recover,0,,10,,0,6,0,32,
harden,0,,30,,0,6,0,11,
minimize,0,,10,,0,6,0,108,
smokescreen,0,,20,100,0,9,0,23,
confuseRay,7,,10,100,0,9,0,49,
withdraw,10,,40,,0,6,0,11,
defenseCurl,0,,40,,0,6,0,156,
barrier,13,,20,,0,6,0,51,
lightScreen,13,,30,,0,3,0,35,
haze,14,,30,,0,11,0,25,
reflect,13,,20,,0,3,0,65,
focusEnergy,0,,30,,0,6,0,47,
bide,0,,10,,1,6,1,26,
metronome,0,,10,,0,6,0,83,
mirrorMove,2,,20,,0,9,0,9,
selfDestruct,0,200,5,100,0,8,1,7,
eggBomb,0,100,10,75,0,9,1,0,
lick,7,30,30,100,0,9,1,6,30
smog,3,30,20,70,0,9,2,2,40
sludge,3,65,20,100,0,9,2,2,30
boneClub,4,65,20,85,0,9,1,31,10
fireBlast,9,110,5,85,0,9,2,4,10
waterfall,10,80,15,100,0,9,1,31,20
clamp,10,35,15,85,0,9,1,42,100
swift,0,60,20,,0,10,2,17,
skullBash,0,130,10,100,0,9,1,145,100
spikeCannon,0,20,15,100,0,9,1,29,
constrict,0,10,35,100,0,9,1,70,10
amnesia,13,,20,,0,6,0,54,
kinesis,13,,15,80,0,9,0,23,
softBoiled,0,,10,,0,6,0,32,
highJumpKick,1,130,10,90,0,9,1,45,
glare,0,,30,100,0,9,0,67,
dreamEater,13,100,15,100,0,9,2,8,
poisonGas,3,,40,90,0,10,0,66,
barrage,0,15,20,85,0,9,1,29,
leechLife,6,80,10,100,0,9,1,3,
lovelyKiss,0,,10,75,0,9,0,1,
skyAttack,2,140,5,90,0,9,1,75,30
transform,0,,10,,0,9,0,57,
bubble,10,40,30,100,0,10,2,70,10
dizzyPunch,0,70,10,100,0,9,1,76,20
spore,11,,15,100,0,9,0,1,
flash,0,,20,100,0,9,0,23,
psywave,13,,15,100,0,9,2,88,
splash,0,,40,,0,6,0,85,
acidArmor,3,,20,,0,6,0,51,
crabhammer,10,100,10,90,0,9,1,43,
explosion,0,250,5,100,0,8,1,7,
furySwipes,0,18,15,80,0,9,1,29,
bonemerang,4,50,10,90,0,9,1,44,
rest,13,,10,,0,6,0,37,
rockSlide,5,75,10,90,0,10,1,31,30
hyperFang,0,80,15,90,0,9,1,31,10
sharpen,0,,30,,0,6,0,10,
conversion,0,,30,,0,6,0,30,
triAttack,0,80,10,100,0,9,2,36,20
superFang,0,,10,90,0,9,1,40,
slash,0,70,20,100,0,9,1,43,
substitute,0,,10,,0,6,0,79,
struggle,0,50,1,,0,7,1,254,
sketch,0,,1,,0,9,0,95,
tripleKick,1,10,10,90,0,9,1,104,
thief,16,60,25,100,0,9,1,105,
spiderWeb,6,,10,,0,9,0,106,
mindReader,0,,5,,0,9,0,94,
nightmare,7,,15,100,0,9,0,107,
flameWheel,9,60,25,100,0,9,1,125,10
snore,0,50,15,100,0,9,2,92,30
curse,7,,10,,0,0,0,109,
flail,0,,15,100,0,9,1,99,
conversion,0,,30,,0,9,0,93,
aeroblast,2,100,5,95,0,9,2,43,
cottonSpore,11,,40,100,0,10,0,60,
reversal,1,,15,100,0,9,1,99,
spite,7,,10,100,0,9,0,100,
powderSnow,14,40,25,100,0,10,2,5,10
protect,0,,10,,4,6,0,111,
machPunch,1,40,30,100,1,9,1,103,
scaryFace,0,,10,100,0,9,0,60,
feintAttack,16,60,20,,0,9,1,17,
sweetKiss,17,,10,75,0,9,0,49,
bellyDrum,0,,10,,0,6,0,142,
sludgeBomb,3,90,10,100,0,9,2,2,30
mudSlap,4,20,10,100,0,9,2,73,100
octazooka,10,65,10,85,0,9,2,73,50
spikes,4,,20,,0,5,0,112,
zapCannon,12,120,5,50,0,9,2,6,100
foresight,0,,40,,0,9,0,113,
destinyBond,7,,5,,0,6,0,98,
perishSong,0,,5,,0,13,0,114,
icyWind,14,55,15,95,0,10,2,70,100
detect,1,,5,,4,6,0,111,
boneRush,4,25,10,90,0,9,1,29,
lockOn,0,,5,,0,9,0,94,
outrage,15,120,10,100,0,7,1,27,
sandstorm,5,,10,,0,11,0,115,
gigaDrain,11,75,10,100,0,9,2,3,
endure,0,,10,,4,6,0,116,
charm,17,,20,100,0,9,0,58,
rollout,5,30,20,90,0,9,1,117,
falseSwipe,0,40,40,100,0,9,1,101,
swagger,0,,15,85,0,9,0,118,
milkDrink,0,,10,,0,6,0,32,
spark,12,65,20,100,0,9,1,6,30
furyCutter,6,40,20,95,0,9,1,119,
steelWing,8,70,25,90,0,9,1,138,10
meanLook,0,,5,,0,9,0,106,
attract,0,,15,100,0,9,0,120,
sleepTalk,0,,10,,0,6,0,97,
healBell,0,,5,,0,12,0,102,
return,0,,20,100,0,9,1,121,
present,0,,15,90,0,9,1,122,
frustration,0,,20,100,0,9,1,123,
safeguard,0,,25,,0,3,0,124,
painSplit,0,,20,,0,9,0,91,
sacredFire,9,100,5,95,0,9,1,125,50
magnitude,4,,30,100,0,8,1,126,
dynamicPunch,1,100,5,50,0,9,1,76,100
megahorn,6,120,10,85,0,9,1,0,
dragonBreath,15,60,20,100,0,9,2,6,30
batonPass,0,,40,,0,6,0,127,
encore,0,,5,100,0,9,0,90,
pursuit,16,40,20,100,0,9,1,128,
rapidSpin,0,50,40,100,0,9,1,129,100
sweetScent,0,,20,100,0,10,0,24,
ironTail,8,100,15,75,0,9,1,69,30
metalClaw,8,50,35,95,0,9,1,139,10
vitalThrow,1,70,10,,-1,9,1,78,
morningSun,0,,5,,0,6,0,132,
synthesis,11,,5,,0,6,0,132,
moonlight,17,,5,,0,6,0,132,
hiddenPower,0,60,15,100,0,9,2,135,
crossChop,1,100,5,80,0,9,1,43,
twister,15,40,20,100,0,10,2,146,20
rainDance,10,,5,,0,11,0,136,
sunnyDay,9,,5,,0,11,0,137,
crunch,16,80,15,100,0,9,1,69,20
mirrorCoat,13,,20,100,-5,0,2,144,
psychUp,0,,10,,0,9,0,143,
extremeSpeed,0,80,5,100,2,9,1,103,
ancientPower,5,60,5,100,0,9,2,140,10
shadowBall,7,80,15,100,0,9,2,72,20
futureSight,13,120,10,100,0,9,2,148,
rockSmash,1,40,15,100,0,9,1,69,50
whirlpool,10,35,15,85,0,9,2,261,100
beatUp,16,,10,100,0,9,1,154,
fakeOut,0,40,10,100,3,9,1,158,100
uproar,0,90,10,100,0,7,2,159,
stockpile,0,,20,,0,6,0,160,
spitUp,0,,10,100,0,9,2,161,
swallow,0,,10,,0,6,0,162,
heatWave,9,95,10,90,0,10,2,4,10
hail,14,,10,,0,11,0,164,
torment,16,,15,100,0,9,0,165,
flatter,16,,15,100,0,9,0,166,
willOWisp,9,,15,85,0,9,0,167,
memento,16,,10,100,0,9,0,168,
facade,0,70,20,100,0,9,1,169,
focusPunch,1,150,20,100,-3,9,1,170,
smellingSalts,0,70,10,100,0,9,1,171,
followMe,0,,20,,2,6,0,172,
naturePower,0,,20,,0,9,0,173,
charge,12,,20,,0,6,0,174,
taunt,16,,20,100,0,9,0,175,
helpingHand,0,,20,,5,2,0,176,
trick,13,,10,100,0,9,0,177,
rolePlay,13,,10,,0,9,0,178,
wish,0,,10,,0,6,0,179,
assist,0,,20,,0,6,0,180,
ingrain,11,,20,,0,6,0,181,
superpower,1,120,5,100,0,9,1,182,100
magicCoat,13,,15,,4,6,0,183,
recycle,0,,10,,0,6,0,184,
revenge,1,60,10,100,-4,9,1,185,
brickBreak,1,75,15,100,0,9,1,186,
yawn,0,,10,,0,9,0,187,
knockOff,16,65,20,100,0,9,1,188,
endeavor,0,,5,100,0,9,1,189,
eruption,9,150,5,100,0,10,2,190,
skillSwap,13,,10,,0,9,0,191,
imprison,13,,10,,0,6,0,192,
refresh,0,,20,,0,6,0,193,
grudge,7,,5,,0,6,0,194,
snatch,16,,10,,4,6,0,195,
secretPower,0,70,20,100,0,9,1,197,30
dive,10,80,10,100,0,9,1,255,
armThrust,1,15,20,100,0,9,1,29,
camouflage,0,,20,,0,6,0,213,
tailGlow,6,,20,,0,6,0,321,
lusterPurge,13,70,5,100,0,9,2,72,50
mistBall,13,70,5,100,0,9,2,71,50
featherDance,2,,15,100,0,9,0,58,
teeterDance,0,,20,100,0,8,0,199,
blazeKick,9,85,10,90,0,9,1,200,10
mudSport,4,,15,,0,11,0,201,
iceBall,14,30,20,90,0,9,1,117,
needleArm,11,60,15,100,0,9,1,31,30
slackOff,0,,10,,0,6,0,32,
hyperVoice,0,90,10,100,0,10,2,0,
poisonFang,3,50,15,100,0,9,1,202,50
crushClaw,0,75,10,95,0,9,1,69,50
blastBurn,9,150,5,90,0,9,2,80,
hydroCannon,10,150,5,90,0,9,2,80,
meteorMash,8,90,10,90,0,9,1,139,20
astonish,7,30,15,100,0,9,1,31,30
weatherBall,0,50,10,100,0,9,2,203,
aromatherapy,11,,5,,0,12,0,102,
fakeTears,16,,20,100,0,9,0,62,
airCutter,2,60,25,95,0,10,2,43,
overheat,9,130,5,90,0,9,2,204,100
odorSleuth,0,,40,,0,9,0,113,
rockTomb,5,60,15,95,0,9,1,70,100
silverWind,6,60,5,100,0,9,2,140,10
metalSound,8,,40,85,0,9,0,62,
grassWhistle,11,,15,55,0,9,0,1,
tickle,0,,20,100,0,9,0,205,
cosmicPower,13,,20,,0,6,0,206,
waterSpout,10,150,5,100,0,10,2,190,
signalBeam,6,75,15,100,0,9,2,76,10
shadowPunch,7,60,20,,0,9,1,17,
extrasensory,13,80,20,100,0,9,2,31,10
skyUppercut,1,85,15,90,0,9,1,207,
sandTomb,4,35,15,85,0,9,1,42,100
sheerCold,14,,5,30,0,9,2,38,
muddyWater,10,90,10,85,0,10,2,73,30
bulletSeed,11,25,30,100,0,9,1,29,
aerialAce,2,60,20,,0,9,1,17,
icicleSpear,14,25,30,100,0,9,1,29,
ironDefense,8,,15,,0,6,0,51,
block,0,,5,,0,9,0,106,
howl,0,,40,,0,12,0,10,
dragonClaw,15,80,15,100,0,9,1,0,
frenzyPlant,11,150,5,90,0,9,2,80,
bulkUp,1,,20,,0,6,0,208,
bounce,2,85,5,85,0,9,1,263,30
mudShot,4,55,15,95,0,9,2,70,100
poisonTail,3,50,25,100,0,9,1,209,10
covet,0,60,25,100,0,9,1,105,
voltTackle,12,120,15,100,0,9,1,262,10
magicalLeaf,11,60,20,,0,9,2,17,
waterSport,10,,15,,0,11,0,210,
calmMind,13,,20,,0,6,0,211,
leafBlade,11,90,15,100,0,9,1,43,
dragonDance,15,,20,,0,6,0,212,
rockBlast,5,25,10,90,0,9,1,29,
shockWave,12,60,20,,0,9,2,17,
waterPulse,10,60,20,100,0,9,2,76,20
doomDesire,8,140,5,100,0,9,2,148,
psychoBoost,13,140,5,90,0,9,2,204,100
roost,2,,10,,0,6,0,214,
gravity,13,,5,,0,11,0,215,
miracleEye,13,,40,,0,9,0,216,
wakeUpSlap,1,70,10,100,0,9,1,217,
hammerArm,1,100,10,90,0,9,1,218,100
gyroBall,8,,5,100,0,9,1,219,
healingWish,13,,10,,0,6,0,220,
brine,10,65,10,100,0,9,2,221,
naturalGift,0,,15,100,0,9,1,222,
feint,0,30,10,100,2,9,1,223,
pluck,2,60,20,100,0,9,1,224,
tailwind,2,,15,,0,3,0,225,
acupressure,0,,30,,0,4,0,226,
metalBurst,8,,10,100,0,0,1,227,
uTurn,6,70,20,100,0,9,1,228,
closeCombat,1,120,5,100,0,9,1,229,100
payback,16,50,10,100,0,9,1,230,
assurance,16,60,10,100,0,9,1,231,
embargo,16,,15,100,0,9,0,232,
fling,16,,10,100,0,9,1,233,
psychoShift,13,,10,100,0,9,0,234,
trumpCard,0,,5,,0,9,2,235,
healBlock,13,,15,100,0,10,0,236,
wringOut,0,,5,100,0,9,2,237,
powerTrick,13,,10,,0,6,0,238,
gastroAcid,3,,10,100,0,9,0,239,
luckyChant,0,,30,,0,3,0,240,
meFirst,0,,20,,0,1,0,241,
copycat,0,,20,,0,6,0,242,
powerSwap,13,,10,,0,9,0,243,
guardSwap,13,,10,,0,9,0,244,
punishment,16,,5,100,0,9,1,245,
lastResort,0,140,5,100,0,9,1,246,
worrySeed,11,,10,100,0,9,0,247,
suckerPunch,16,70,5,100,1,9,1,248,
toxicSpikes,3,,20,,0,5,0,249,
heartSwap,13,,10,,0,9,0,250,
aquaRing,10,,20,,0,6,0,251,
magnetRise,12,,10,,0,6,0,252,
flareBlitz,9,120,15,100,0,9,1,253,10
forcePalm,1,60,10,100,0,9,1,6,30
auraSphere,1,80,20,,0,9,2,17,
rockPolish,5,,20,,0,6,0,52,
poisonJab,3,80,20,100,0,9,1,2,30
darkPulse,16,80,15,100,0,9,2,31,20
nightSlash,16,70,15,100,0,9,1,43,
aquaTail,10,90,10,90,0,9,1,0,
seedBomb,11,80,15,100,0,9,1,0,
airSlash,2,75,15,95,0,9,2,31,30
xScissor,6,80,15,100,0,9,1,0,
bugBuzz,6,90,10,100,0,9,2,72,10
dragonPulse,15,85,10,100,0,9,2,0,
dragonRush,15,100,10,75,0,9,1,31,20
powerGem,5,80,20,100,0,9,2,0,
drainPunch,1,75,10,100,0,9,1,3,
vacuumWave,1,40,30,100,1,9,2,103,
focusBlast,1,120,5,70,0,9,2,72,10
energyBall,11,90,10,100,0,9,2,72,10
braveBird,2,120,15,100,0,9,1,198,
earthPower,4,90,10,100,0,9,2,72,10
switcheroo,16,,10,100,0,9,0,177,
gigaImpact,0,150,5,90,0,9,1,80,
nastyPlot,16,,20,,0,6,0,53,
bulletPunch,8,40,30,100,1,9,1,103,
avalanche,14,60,10,100,-4,9,1,185,
iceShard,14,40,30,100,1,9,1,103,
shadowClaw,7,70,15,100,0,9,1,43,
thunderFang,12,65,15,95,0,9,1,275,10
iceFang,14,65,15,95,0,9,1,274,10
fireFang,9,65,15,95,0,9,1,273,10
shadowSneak,7,40,30,100,1,9,1,103,
mudBomb,4,65,10,85,0,9,2,73,30
psychoCut,13,70,20,100,0,9,1,43,
zenHeadbutt,13,80,15,90,0,9,1,31,20
mirrorShot,8,65,10,85,0,9,2,73,30
flashCannon,8,80,10,100,0,9,2,72,10
rockClimb,0,90,20,85,0,9,1,76,20
defog,2,,15,,0,9,0,258,
trickRoom,13,,5,,-7,11,0,259,
dracoMeteor,15,130,5,90,0,9,2,204,100
discharge,12,80,15,100,0,8,2,6,30
lavaPlume,9,80,15,100,0,8,2,4,30
leafStorm,11,130,5,90,0,9,2,204,100
powerWhip,11,120,10,85,0,9,1,0,
rockWrecker,5,150,5,90,0,9,1,80,
crossPoison,3,70,20,100,0,9,1,209,10
gunkShot,3,120,5,80,0,9,1,2,30
ironHead,8,80,15,100,0,9,1,31,30
magnetBomb,8,60,20,,0,9,1,17,
stoneEdge,5,100,5,80,0,9,1,43,
captivate,0,,20,100,0,10,0,265,
stealthRock,5,,20,,0,5,0,266,
grassKnot,11,,20,100,0,9,2,196,
chatter,2,65,20,100,0,9,2,267,100
judgment,0,100,10,100,0,9,2,268,
bugBite,6,60,20,100,0,9,1,224,
chargeBeam,12,50,10,90,0,9,2,276,70
woodHammer,11,120,15,100,0,9,1,198,
aquaJet,10,40,20,100,1,9,1,103,
attackOrder,6,90,15,100,0,9,1,43,
defendOrder,6,,10,,0,6,0,206,
healOrder,6,,10,,0,6,0,32,
headSmash,5,150,5,80,0,9,1,269,
doubleHit,0,35,10,90,0,9,1,44,
roarOfTime,15,150,5,90,0,9,2,80,
spacialRend,15,100,5,95,0,9,2,43,
lunarDance,13,,10,,0,6,0,270,
crushGrip,0,,5,100,0,9,1,237,
magmaStorm,9,100,5,75,0,9,2,42,100
darkVoid,16,,10,50,0,10,0,1,
seedFlare,11,120,5,85,0,9,2,271,40
ominousWind,7,60,5,100,0,9,2,140,10
shadowForce,7,120,5,100,0,9,1,272,
honeClaws,16,,15,,0,6,0,277,
wideGuard,5,,10,,3,3,0,278,
guardSplit,13,,10,,0,9,0,279,
powerSplit,13,,10,,0,9,0,280,
wonderRoom,13,,10,,0,11,0,281,
psyshock,13,80,10,100,0,9,2,282,
venoshock,3,65,10,100,0,9,2,283,
autotomize,8,,15,,0,6,0,284,
ragePowder,6,,20,,2,6,0,172,
telekinesis,13,,15,,0,9,0,285,
magicRoom,13,,10,,0,11,0,286,
smackDown,5,50,15,100,0,9,1,287,100
stormThrow,1,60,10,100,0,9,1,288,
flameBurst,9,70,15,100,0,9,2,289,
sludgeWave,3,95,10,100,0,8,2,2,10
quiverDance,6,,20,,0,6,0,290,
heavySlam,8,,10,100,0,9,1,291,
synchronoise,13,120,10,100,0,8,2,292,
electroBall,12,,10,100,0,9,2,293,
soak,10,,20,100,0,9,0,294,
flameCharge,9,50,20,100,0,9,1,295,100
coil,3,,20,,0,6,0,322,
lowSweep,1,65,20,100,0,9,1,20,100
acidSpray,3,40,20,100,0,9,2,296,100
foulPlay,16,95,15,100,0,9,1,297,
simpleBeam,0,,15,100,0,9,0,298,
entrainment,0,,15,100,0,9,0,299,
afterYou,0,,15,,0,9,0,300,
round,0,60,15,100,0,9,2,301,
echoedVoice,0,40,15,100,0,9,2,302,
chipAway,0,70,20,100,0,9,1,303,
clearSmog,3,50,15,,0,9,2,304,
storedPower,13,20,10,100,0,9,2,305,
quickGuard,1,,15,,3,3,0,306,
allySwitch,13,,15,,2,6,0,307,
scald,10,80,15,100,0,9,2,4,30
shellSmash,0,,15,,0,6,0,308,
healPulse,13,,10,,0,9,0,309,
hex,7,65,10,100,0,9,2,310,
skyDrop,2,60,10,100,0,9,1,311,
shiftGear,8,,10,,0,6,0,312,
circleThrow,1,60,10,90,-6,9,1,313,
incinerate,9,60,15,100,0,10,2,314,
quash,16,,15,100,0,9,0,315,
acrobatics,2,55,15,100,0,9,1,317,
reflectType,0,,15,,0,9,0,318,
retaliate,0,70,5,100,0,9,1,319,
finalGambit,1,,5,100,0,9,2,320,
bestow,0,,15,,0,9,0,323,
inferno,9,100,5,50,0,9,2,4,100
waterPledge,10,80,10,100,0,9,2,324,
firePledge,9,80,10,100,0,9,2,325,
grassPledge,11,80,10,100,0,9,2,326,
voltSwitch,12,70,20,100,0,9,2,228,
struggleBug,6,50,20,100,0,10,2,71,100
bulldoze,4,60,20,100,0,8,1,70,100
frostBreath,14,60,10,90,0,9,2,288,100
dragonTail,15,60,10,90,-6,9,1,313,
workUp,0,,30,,0,6,0,327,
electroweb,12,55,15,95,0,10,2,20,100
wildCharge,12,90,15,100,0,9,1,48,
drillRun,4,80,10,95,0,9,1,43,
dualChop,15,40,15,90,0,9,1,44,
heartStamp,13,60,25,100,0,9,1,31,30
hornLeech,11,75,10,100,0,9,1,3,
sacredSword,1,90,15,100,0,9,1,303,
razorShell,10,75,10,95,0,9,1,69,50
heatCrash,9,,10,100,0,9,1,291,
leafTornado,11,65,10,90,0,9,2,73,50
steamroller,6,65,20,100,0,9,1,150,30
cottonGuard,11,,10,,0,6,0,328,
nightDaze,16,85,10,95,0,9,2,73,40
psystrike,13,100,10,100,0,9,2,282,
tailSlap,0,25,10,85,0,9,1,29,
hurricane,2,110,10,70,0,9,2,333,30
headCharge,0,120,15,100,0,9,1,48,
gearGrind,8,50,15,85,0,9,1,44,
searingShot,9,100,5,100,0,8,2,4,30
technoBlast,0,120,5,100,0,9,2,268,
relicSong,0,75,10,100,0,10,2,329,10
secretSword,1,85,10,100,0,9,2,282,
glaciate,14,65,10,95,0,10,2,330,100
boltStrike,12,130,5,85,0,9,1,6,20
blueFlare,9,130,5,85,0,9,2,4,20
fieryDance,9,80,10,100,0,9,2,276,50
freezeShock,14,140,5,90,0,9,1,331,30
iceBurn,14,140,5,90,0,9,2,332,30
snarl,16,55,15,95,0,10,2,71,100
icicleCrash,14,85,10,90,0,9,1,31,30
vCreate,9,180,5,95,0,9,1,334,100
fusionFlare,9,100,5,100,0,9,2,335,
fusionBolt,12,100,5,100,0,9,1,336,
flyingPress,1,100,10,95,0,9,1,337,
matBlock,1,,10,,0,3,0,376,
belch,3,120,10,90,0,9,2,338,
rototiller,4,,10,,0,13,0,339,100
stickyWeb,6,,20,,0,5,0,340,
fellStinger,6,50,25,100,0,9,1,341,
phantomForce,7,90,10,100,0,9,1,272,
trickOrTreat,7,,20,100,0,9,0,342,
nobleRoar,0,,30,100,0,9,0,343,100
ionDeluge,12,,25,,1,11,0,344,
parabolicCharge,12,65,20,100,0,8,2,345,
forestsCurse,11,,20,100,0,9,0,375,
petalBlizzard,11,90,15,100,0,8,1,378,
freezeDry,14,70,20,100,0,9,2,379,10
disarmingVoice,17,40,15,,0,10,2,380,
partingShot,16,,20,100,0,9,0,346,100
topsyTurvy,16,,20,,0,9,0,347,
drainingKiss,17,50,10,100,0,9,2,348,
craftyShield,17,,10,,3,3,0,349,
flowerShield,17,,10,,0,13,0,350,100
grassyTerrain,11,,10,,0,11,0,351,
mistyTerrain,17,,10,,0,11,0,352,
electrify,12,,20,,0,9,0,353,
playRough,17,90,10,90,0,9,1,68,10
fairyWind,17,40,30,100,0,9,2,0,
moonblast,17,95,15,100,0,9,2,71,30
boomburst,0,140,10,100,0,8,2,378,
fairyLock,17,,10,,0,11,0,354,
kingsShield,8,,10,,4,6,0,355,
playNice,0,,20,,0,9,0,356,100
confide,0,,20,,0,9,0,357,100
diamondStorm,5,100,5,95,0,10,1,358,50
steamEruption,10,110,5,95,0,9,2,4,30
hyperspaceHole,13,80,5,,0,9,2,359,
waterShuriken,10,15,20,100,1,9,2,360,
mysticalFire,9,75,10,100,0,9,2,71,100
spikyShield,11,,10,,4,6,0,361,
aromaticMist,17,,20,,0,2,0,362,
eerieImpulse,12,,15,100,0,9,0,61,
venomDrench,3,,20,100,0,10,0,363,100
powder,6,,20,100,1,9,0,377,
geomancy,17,,10,,0,6,0,365,
magneticFlux,12,,20,,0,12,0,366,
happyHour,0,,30,,0,3,0,367,
electricTerrain,12,,10,,0,11,0,368,
dazzlingGleam,17,80,10,100,0,10,2,0,
celebrate,0,,40,,0,6,0,369,
holdHands,0,,40,,0,2,0,370,
babyDollEyes,17,,30,100,1,9,0,364,
nuzzle,12,20,20,100,0,9,1,371,100
holdBack,0,40,40,100,0,9,1,101,
infestation,6,20,20,100,0,9,2,42,100
powerUpPunch,1,40,20,100,0,9,1,374,100
oblivionWing,2,80,10,100,0,9,2,348,
thousandArrows,4,90,10,100,0,10,1,372,100
thousandWaves,4,90,10,100,0,10,1,373,
landsWrath,4,90,10,100,0,10,1,0,
lightOfRuin,17,140,5,90,0,9,2,269,
originPulse,10,110,10,85,0,10,2,0,
precipiceBlades,4,120,10,85,0,10,1,0,
dragonAscent,2,120,5,100,0,9,1,229,100
hyperspaceFury,16,100,5,,0,9,1,359,100
breakneckBlitzPhysical,0,,1,,0,9,1,0,
breakneckBlitzSpecial,0,,1,,0,9,2,0,
allOutPummelingPhysical,1,,1,,0,9,1,0,
allOutPummelingSpecial,1,,1,,0,9,2,0,
supersonicSkystrikePhysical,2,,1,,0,9,1,0,
supersonicSkystrikeSpecial,2,,1,,0,9,2,0,
acidDownpourPhysical,3,,1,,0,9,1,0,
acidDownpourSpecial,3,,1,,0,9,2,0,
tectonicRagePhysical,4,,1,,0,9,1,0,
tectonicRageSpecial,4,,1,,0,9,2,0,
continentalCrushPhysical,5,,1,,0,9,1,0,
continentalCrushSpecial,5,,1,,0,9,2,0,
savageSpinOutPhysical,6,,1,,0,9,1,0,
savageSpinOutSpecial,6,,1,,0,9,2,0,
neverEndingNightmarePhysical,7,,1,,0,9,1,0,
neverEndingNightmareSpecial,7,,1,,0,9,2,0,
corkscrewCrashPhysical,8,,1,,0,9,1,0,
corkscrewCrashSpecial,8,,1,,0,9,2,0,
infernoOverdrivePhysical,9,,1,,0,9,1,0,
infernoOverdriveSpecial,9,,1,,0,9,2,0,
hydroVortexPhysical,10,,1,,0,9,1,0,
hydroVortexSpecial,10,,1,,0,9,2,0,
bloomDoomPhysical,11,,1,,0,9,1,0,
bloomDoomSpecial,11,,1,,0,9,2,0,
gigavoltHavocPhysical,12,,1,,0,9,1,0,
gigavoltHavocSpecial,12,,1,,0,9,2,0,
shatteredPsychePhysical,13,,1,,0,9,1,0,
shatteredPsycheSpecial,13,,1,,0,9,2,0,
subzeroSlammerPhysical,14,,1,,0,9,1,0,
subzeroSlammerSpecial,14,,1,,0,9,2,0,
devastatingDrakePhysical,15,,1,,0,9,1,0,
devastatingDrakeSpecial,15,,1,,0,9,2,0,
blackHoleEclipsePhysical,16,,1,,0,9,1,0,
blackHoleEclipseSpecial,16,,1,,0,9,2,0,
twinkleTacklePhysical,17,,1,,0,9,1,0,
twinkleTackleSpecial,17,,1,,0,9,2,0,
catastropika,12,210,1,,0,9,1,0,
shoreUp,4,,10,,0,6,0,381,
firstImpression,6,90,10,100,2,9,1,382,
banefulBunker,3,,10,,4,6,0,383,
spiritShackle,7,80,10,100,0,9,1,384,
darkestLariat,16,85,10,100,0,9,1,303,
sparklingAria,10,90,10,100,0,8,2,385,
iceHammer,14,100,10,90,0,9,1,218,100
floralHealing,17,,10,,0,9,0,386,
highHorsepower,4,95,10,95,0,9,1,0,
strengthSap,11,,10,100,0,9,0,387,100
solarBlade,11,125,10,100,0,9,1,151,
leafage,11,40,40,100,0,9,1,0,
spotlight,0,,15,,3,9,0,388,
toxicThread,3,,20,100,0,9,0,389,100
laserFocus,0,,30,,0,6,0,390,
gearUp,8,,20,,0,12,0,391,
throatChop,16,80,15,100,0,9,1,392,100
pollenPuff,6,90,15,100,0,9,2,393,
anchorShot,8,80,20,100,0,9,1,384,
psychicTerrain,13,,10,,0,11,0,394,
lunge,6,80,15,100,0,9,1,395,100
fireLash,9,80,15,100,0,9,1,396,100
powerTrip,16,20,10,100,0,9,1,305,
burnUp,9,130,5,100,0,9,2,397,
speedSwap,13,,10,,0,9,0,398,
smartStrike,8,70,10,,0,9,1,17,
purify,3,,20,,0,9,0,399,
revelationDance,0,90,15,100,0,9,2,400,
coreEnforcer,15,100,10,100,0,10,2,401,
tropKick,11,70,15,100,0,9,1,395,100
instruct,13,,15,,0,9,0,402,
beakBlast,2,100,15,100,-3,9,1,403,
clangingScales,15,110,5,100,0,10,2,404,100
dragonHammer,15,90,15,100,0,9,1,0,
brutalSwing,16,60,20,100,0,8,1,405,
auroraVeil,14,,20,,0,3,0,406,
sinisterArrowRaid,7,180,1,,0,9,1,0,
maliciousMoonsault,16,180,1,,0,9,1,0,
oceanicOperetta,10,195,1,,0,9,2,0,
guardianOfAlola,17,,1,,0,9,2,412,
soulStealingStarStrike,7,195,1,,0,9,1,0,
stokedSparksurfer,12,175,1,,0,9,2,6,100
pulverizingPancake,0,210,1,,0,9,1,0,
extremeEvoboost,0,,1,,0,6,0,413,100
genesisSupernova,13,185,1,,0,9,2,414,
shellTrap,9,150,5,100,-3,10,2,407,
fleurCannon,17,130,5,90,0,9,2,204,100
psychicFangs,13,85,10,100,0,9,1,186,
stompingTantrum,4,75,10,100,0,9,1,408,
shadowBone,7,85,10,100,0,9,1,69,20
accelerock,5,40,20,100,1,9,1,103,
liquidation,10,85,10,100,0,9,1,69,20
prismaticLaser,13,160,10,100,0,9,2,80,
spectralThief,7,90,10,100,0,9,1,409,
sunsteelStrike,8,100,5,100,0,9,1,410,
moongeistBeam,7,100,5,100,0,9,2,410,
tearfulLook,0,,20,,0,9,0,411,100
zingZap,12,80,10,100,0,9,1,31,30
naturesMadness,17,,10,90,0,9,2,40,
multiAttack,0,120,10,100,0,9,1,268,
VoltThunderbolt,12,195,1,,0,9,2,0,
mindBlown,9,150,5,100,0,8,2,419,
plasmaFists,12,100,15,100,0,9,1,0,
photonGeyser,13,100,5,100,0,9,2,0,
lightThatBurnsTheSky,13,200,1,,0,9,2,415,
searingSunrazeSmash,8,200,1,,0,9,1,410,
menacingMoonrazeMaelstrom,7,200,1,,0,9,2,410,
letsSnuggleForever,17,190,1,,0,9,1,416,
splinteredStormshards,5,190,1,,0,9,1,417,
clangorousSoulblaze,15,185,1,,0,10,2,418,100
zippyZap,12,80,10,100,2,9,1,0,100
splishySplash,10,90,15,100,0,10,2,0,30
floatyFall,2,90,15,95,0,9,1,0,30
pikaPapow,12,,20,,0,9,2,0,
bouncyBubble,10,60,20,100,0,9,2,0,
buzzyBuzz,12,60,20,100,0,9,2,0,100
sizzlySlide,9,60,20,100,0,9,1,0,100
glitzyGlow,13,80,15,95,0,9,2,0,
baddyBad,16,80,15,95,0,9,2,0,
sappySeed,11,100,10,90,0,9,1,0,100
freezyFrost,14,100,10,90,0,9,2,0,
sparklySwirl,17,120,5,85,0,9,2,0,
veeveeVolley,0,,20,,0,9,1,0,
doubleIronBash,8,60,5,100,0,9,1,44,30
maxGuard,0,,10,,4,6,0,111,
dynamaxCannon,15,100,5,100,0,9,2,420,
snipeShot,10,80,15,100,0,9,2,421,
jawLock,16,80,10,100,0,9,1,422,
stuffCheeks,0,,10,,0,6,0,423,100
noRetreat,1,,5,,0,6,0,424,100
tarShot,5,,15,100,0,9,0,425,100
magicPowder,13,,20,100,0,9,0,426,
dragonDarts,15,50,10,100,0,9,1,427,
teatime,0,,10,,0,13,0,428,
octolock,1,,15,100,0,9,0,429,
boltBeak,12,85,10,100,0,9,1,430,
fishiousRend,10,85,10,100,0,9,1,430,
courtChange,0,,10,100,0,11,0,431,
maxFlare,9,100,10,,0,1,1,0,
maxFlutterby,6,10,10,,0,1,1,0,
maxLightning,12,10,10,,0,1,1,0,
maxStrike,0,10,10,,0,1,1,0,
maxKnuckle,1,10,10,,0,1,1,0,
maxPhantasm,7,10,10,,0,1,1,0,
maxHailstorm,14,10,10,,0,1,1,0,
maxOoze,3,10,10,,0,1,1,0,
maxGeyser,10,10,10,,0,1,1,0,
maxAirstream,2,10,10,,0,1,1,0,
maxStarfall,17,10,10,,0,1,1,0,
maxWyrmwind,15,10,10,,0,1,1,0,
maxMindstorm,13,10,10,,0,1,1,0,
maxRockfall,5,10,10,,0,1,1,0,
maxQuake,4,10,10,,0,1,1,0,
maxDarkness,16,10,10,,0,1,1,0,
maxOvergrowth,11,10,10,,0,1,1,0,
maxSteelspike,8,10,10,,0,1,1,0,
clangorousSoul,15,,5,100,0,6,0,432,100
bodyPress,1,80,10,100,0,9,1,433,
decorate,17,,15,,0,9,0,434,100
drumBeating,11,80,10,100,0,9,1,70,100
snapTrap,11,35,15,100,0,9,1,42,100
pyroBall,9,120,5,90,0,9,1,4,10
behemothBlade,8,100,5,100,0,9,1,435,
behemothBash,8,100,5,100,0,9,1,435,
auraWheel,12,110,10,100,0,9,1,436,100
breakingSwipe,15,60,15,100,0,10,1,395,100
branchPoke,11,40,40,100,0,9,1,0,
overdrive,12,80,10,100,0,10,2,438,
appleAcid,11,80,10,100,0,9,2,439,100
gravApple,11,80,10,100,0,9,1,396,100
spiritBreak,17,75,15,100,0,9,1,71,100
strangeSteam,17,90,10,95,0,9,2,76,20
lifeDew,10,,10,,0,12,0,440,
obstruct,16,,10,100,4,6,0,441,
falseSurrender,16,80,10,,0,9,1,17,
meteorAssault,1,150,5,100,0,9,1,80,
eternabeam,15,160,5,90,0,9,2,80,
steelBeam,8,140,5,95,0,9,2,419,
expandingForce,13,80,10,100,0,9,2,0,
steelRoller,8,130,5,100,0,9,1,0,
scaleShot,15,25,20,90,0,9,1,0,
meteorBeam,5,120,10,90,0,9,2,0,100
shellSideArm,3,90,10,100,0,9,2,0,20
mistyExplosion,17,100,5,100,0,8,2,0,
grassyGlide,11,70,20,100,0,9,1,0,
risingVoltage,12,70,20,100,0,9,2,0,
terrainPulse,0,50,10,100,0,9,2,0,
skitterSmack,6,70,10,90,0,9,1,0,100
burningJealousy,9,70,5,100,0,10,2,0,100
lashOut,16,75,5,100,0,9,1,0,
poltergeist,7,110,5,90,0,9,1,0,
corrosiveGas,3,,40,100,0,8,0,0,
coaching,1,,10,,0,12,0,0,100
flipTurn,10,60,20,100,0,9,1,0,
tripleAxel,14,20,10,90,0,9,1,0,
dualWingbeat,2,40,10,90,0,9,1,0,
scorchingSands,4,70,10,100,0,9,2,0,30
jungleHealing,11,,10,,0,12,0,0,
wickedBlow,16,80,5,100,0,9,1,0,
surgingStrikes,10,25,5,100,0,9,1,0,
thunderCage,12,80,15,90,0,9,2,0,100
dragonEnergy,15,150,5,100,0,10,2,0,
freezingGlare,13,90,10,100,0,9,2,0,10
fieryWrath,16,90,10,100,0,10,2,0,20
thunderousKick,1,90,10,100,0,9,1,0,100
glacialLance,14,130,5,100,0,10,1,0,
astralBarrage,7,120,5,100,0,10,2,0,
eerieSpell,13,80,5,100,0,9,2,0,